{"cameraMode":{"drawMode":0,"name":"Shaded","section":"Shading Mode"},"sceneLighting":false,"audioPlay":false,"sceneViewState":{"m_AlwaysRefresh":false,"showFog":false,"showSkybox":false,"showFlares":false,"showImageEffects":false,"showParticleSystems":false,"showVisualEffectGraphs":true,"m_FxEnabled":true},"in2DMode":false,"pivot":{"x":0.8874139785766602,"y":13.81602954864502,"z":-10.253690719604493},"rotation":{"x":0.004877347033470869,"y":-0.9945119023323059,"z":0.0540655255317688,"w":0.08972358703613281},"size":12.429481506347657,"orthographic":false}